Top queries,Clicks,Impressions,CTR,Position
sap build apps pricing,1,4,25%,41.25
getresponser,1,1,100%,1
power automate,0,54,0%,48.83
rocketreach alternative,0,34,0%,73.44
invoicing software,0,23,0%,74.48
appium,0,20,0%,77.6
vimeo,0,18,0%,25.22
all in one seo software,0,18,0%,48
se ranking vs screaming frog,0,18,0%,53.78
invoice management software,0,17,0%,80.24
appsheet,0,16,0%,73.56
google cloud,0,14,0%,26.43
accuranker alternatives,0,14,0%,63.43
moz pro alternative,0,14,0%,74.21
best invoice capture software,0,14,0%,78.43
invoice management tool,0,14,0%,89.21
all in one seo tool,0,13,0%,53.23
sauce labs,0,11,0%,47.18
invoice software,0,11,0%,77.55
mangools alternatives,0,10,0%,64.4
best all in one seo tools,0,10,0%,69
best seo ranking software,0,10,0%,86.7
what are the top alternatives to anchorclick for email automation?,0,9,0%,42.78
formik,0,9,0%,48.56
elasticsearch tools,0,9,0%,59.44
majestic alternatives,0,9,0%,71.78
all in one seo software with recommendations,0,9,0%,73.33
screaming frog,0,9,0%,77.44
gather town,0,8,0%,51.62
kdp,0,8,0%,52.75
moz se ranking,0,8,0%,59
top 100 brightlocal,0,8,0%,59.38
klipfolio alternatives,0,8,0%,59.88
majestic seo alternatives,0,8,0%,64.25
perimeter 81 alternative,0,8,0%,67
brandwatch alternatives,0,8,0%,72.38
accuranker alternative,0,8,0%,73.25
sprout social alternatives,0,8,0%,80
smartsheet alternatives,0,8,0%,80.62
elasticsearch,0,7,0%,26.29
viemo,0,7,0%,27.43
microsoft automate,0,7,0%,37.29
elasticsearch software,0,7,0%,46.86
saucelabs,0,7,0%,47
majestic alternative,0,7,0%,63.71
helpscout alternative,0,7,0%,78.86
seo ranking software,0,7,0%,88.71
invoice and contract software,0,7,0%,90.86
all in one seo,0,6,0%,44.67
all in one seo tools,0,6,0%,49.33
feedhive alternatives,0,6,0%,62.17
mangools alternative,0,6,0%,69.5
hevo data alternative,0,6,0%,69.83
mozbar alternative,0,6,0%,70.17
dataforseo alternative,0,6,0%,71.83
easiest all in one seo software,0,6,0%,72.83
alternative of mozbar,0,6,0%,73.33
moz pro alternatives,0,6,0%,75.67
hootsuite competitors,0,6,0%,82.67
custom gpt alternative for teams,0,6,0%,84
homarr alternatives,0,5,0%,7.2
security hub,0,5,0%,29.6
onelogin,0,5,0%,38.2
zerotier,0,5,0%,43.2
moz pro vs se ranking,0,5,0%,52.8
coschedule alternative,0,5,0%,60.2
microsoft power automate,0,5,0%,61.8
plann that alternatives,0,5,0%,62.4
atomic red team,0,5,0%,66.4
metricool alternatives,0,5,0%,66.6
sprinklr alternatives,0,5,0%,68.6
connecteam alternatives,0,5,0%,69
best sprout social alternatives,0,5,0%,70.2
online invoicing software,0,5,0%,70.2
dataforseo competitors,0,5,0%,70.4
agorapulse alternative,0,5,0%,72.2
appsheet google,0,5,0%,77.4
invoicing and payment software,0,5,0%,78
kubecost alternative,0,5,0%,78
loomly alternatives,0,5,0%,79.2
power automate services,0,5,0%,79.2
best all in one seo software,0,5,0%,81.8
pandadoc alternatives,0,5,0%,83
fireflies alternative,0,5,0%,84.8
best seo tracker,0,5,0%,87.6
best invoicing software,0,5,0%,87.8
formbrick,0,4,0%,5.25
kanbanflow,0,4,0%,6.75
cursor ai,0,4,0%,40.75
rocksdb,0,4,0%,40.75
sked social alternatives,0,4,0%,40.75
gocardless alternatives,0,4,0%,46
cpanel server,0,4,0%,48.5
brightlocal top 100,0,4,0%,49.5
bitrix24 alternatives,0,4,0%,54
playwright,0,4,0%,54.5
a2x,0,4,0%,55
ping identity,0,4,0%,56
alternative to dataforseo,0,4,0%,58.25
coschedule alternatives,0,4,0%,59.75
freelancer platform,0,4,0%,60.5
klipfolio alternative,0,4,0%,60.5
synthesys,0,4,0%,61.25
sprinklr alternative,0,4,0%,62.25
alternative to sprinklr,0,4,0%,64.5
pandadoc vs hellosign features comparison,0,4,0%,65.25
free majestic alternative,0,4,0%,66.75
partnerstack alternatives,0,4,0%,67
best billing and invoicing software,0,4,0%,68.25
bright local alternative,0,4,0%,69.25
dataforseo alternatives,0,4,0%,69.25
sendible alternatives,0,4,0%,69.25
alternative accuranker,0,4,0%,69.75
planoly alternatives,0,4,0%,73.25
google appsheet,0,4,0%,74
alternative to mozbar,0,4,0%,74.5
dataforseo competitor,0,4,0%,75
brandwatch competitors,0,4,0%,75.5
planoly alternative,0,4,0%,76
spyfu alternative,0,4,0%,76.5
best all in one seo tool,0,4,0%,77
metricool alternative,0,4,0%,77
software for invoice processing,0,4,0%,79.25
best pandadoc alternatives for esignatures,0,4,0%,80.25
seo ranking software reviews,0,4,0%,80.25
websites like spyfu,0,4,0%,81.5
looker studio alternatives,0,4,0%,81.75
looker studio,0,4,0%,82
serpstat competitors,0,4,0%,82.75
serprobot alternative,0,4,0%,83.25
upwork alternatives,0,4,0%,83.75
what is aws guardduty,0,4,0%,84.75
api gateway platform,0,4,0%,86
best document automation tools like pandadoc,0,4,0%,86.25
basecamp alternatives,0,4,0%,86.5
best search visibility software,0,4,0%,86.75
warp,0,4,0%,89.25
microsoft power automate features,0,4,0%,92.25
alternative to drift chat,0,4,0%,94.25
medusa js development company,0,4,0%,95.75
medusa js development services,0,4,0%,97.5
gcp,0,3,0%,28.67
team collaboration chat,0,3,0%,29
ms automate,0,3,0%,30
home ase,0,3,0%,31.67
rvc alternatives,0,3,0%,33.33
dataforseo,0,3,0%,40
pitchground,0,3,0%,40
albacross,0,3,0%,41.33
appsumo,0,3,0%,45
powerautome,0,3,0%,46
yellowfin alternatives,0,3,0%,49
powerautomate,0,3,0%,50.33
se ranking vs moz pro,0,3,0%,50.33
aio seo,0,3,0%,55
foxit pdf editor,0,3,0%,55
seomoz rank,0,3,0%,55.33
miro ai features,0,3,0%,57.33
collaboration chat,0,3,0%,58.67
ontraport alternatives,0,3,0%,59.33
paycom,0,3,0%,59.33
screamingfrog,0,3,0%,60.33
upwork competitors,0,3,0%,62
best dataforseo alternatives,0,3,0%,62.67
crowdfire alternative,0,3,0%,62.67
answerthepublic alternatives,0,3,0%,63.33
supernormal pricing,0,3,0%,63.67
seoclarity,0,3,0%,64
appium version,0,3,0%,64.67
microsoft power automate services,0,3,0%,64.67
hopper alternatives,0,3,0%,65.33
alternative to accuranker,0,3,0%,66.67
best dataforseo competitors,0,3,0%,67.33
majestic tool alternatives,0,3,0%,67.67
agiloft alternatives,0,3,0%,68
search atlas alternative,0,3,0%,68
sendgrid,0,3,0%,68
api gateway tools,0,3,0%,69
stability ai,0,3,0%,69
cpa affiliate marketing network,0,3,0%,69.33
alternatives to checkout.com,0,3,0%,70
best dataforseo competitor,0,3,0%,70.67
guardduty aws,0,3,0%,70.67
helpscout competitors,0,3,0%,71
convex,0,3,0%,72
screen studio alternative,0,3,0%,72
elevenlabs alternative,0,3,0%,72.33
invoicing system,0,3,0%,72.67
techsmith alternative,0,3,0%,72.67
best cpa affiliate marketing,0,3,0%,73.33
dns external,0,3,0%,74.33
best website builder,0,3,0%,74.67
alternative to brandwatch,0,3,0%,75.33
similar upwork,0,3,0%,75.33
keap alternatives,0,3,0%,75.67
post planner alternatives,0,3,0%,75.67
software like jira,0,3,0%,75.67
top upwork's competitors,0,3,0%,75.67
partnerstack connector,0,3,0%,76.33
better than accuranker,0,3,0%,77
openvas,0,3,0%,77
best online invoicing software,0,3,0%,77.33
helpscout alternatives,0,3,0%,77.33
ironclad alternative,0,3,0%,78.33
sprout social competitors,0,3,0%,78.33
ironclad alternatives,0,3,0%,79
appium latest version,0,3,0%,79.33
best loomly alternatives,0,3,0%,80.33
online invoicing and payment software,0,3,0%,80.33
smartsheet alternative,0,3,0%,80.67
best invoice software,0,3,0%,81
similar to helpscout,0,3,0%,83
google cloud vs aws,0,3,0%,83.67
best invoice processing software,0,3,0%,84.33
sprout social alternative,0,3,0%,84.33
hunter alternative,0,3,0%,84.67
best keyword ranking software,0,3,0%,87
se ranking software review,0,3,0%,88.67
best social media scheduling tool,0,3,0%,89.33
ad bloodhound,0,3,0%,89.67
invoice tracking software,0,3,0%,90
best api gateway,0,3,0%,92.33
best invoice app,0,3,0%,94.33
hootsuite alternatives,0,3,0%,94.33
site ranking software,0,3,0%,96.33
shopware alternative,0,3,0%,96.67
anvil vs docusign,0,2,0%,6.5
curl alternative,0,2,0%,7
emissary ambassador,0,2,0%,8
kavita alternative,0,2,0%,8
apache pinot alternatives,0,2,0%,9
clarizen vs jira,0,2,0%,11
vcluster alternatives,0,2,0%,11
evernote evernote evernote,0,2,0%,22
audiobookshelf alternative,0,2,0%,22.5
elisity alternatives,0,2,0%,24
power automate tool,0,2,0%,24
mavenlink vs clarizen,0,2,0%,26
vemeo,0,2,0%,26
allure report,0,2,0%,27
power automation,0,2,0%,28
stacksocial.com,0,2,0%,28.5
formspree,0,2,0%,31
remote desktop security onion,0,2,0%,31
dealmirror,0,2,0%,33
alternative to kayako,0,2,0%,34
foxit e sign,0,2,0%,38
google cloud platform,0,2,0%,38.5
snyk,0,2,0%,40
sap build app,0,2,0%,40.5
toptal freelance,0,2,0%,40.5
kanbanflow vs trello,0,2,0%,41
appguyver,0,2,0%,41.5
curiso ai,0,2,0%,42
vev,0,2,0%,43
sap app builder,0,2,0%,44
hasura,0,2,0%,46
power autmate,0,2,0%,46.5
rb2b alternatives,0,2,0%,46.5
slackstack,0,2,0%,46.5
power automat,0,2,0%,47.5
gitpod alternative,0,2,0%,48.5
hopper hq alternative,0,2,0%,48.5
wiz sca,0,2,0%,49.5
best logseq alternative,0,2,0%,50
seranking alternative,0,2,0%,50.5
sprinklr competitors,0,2,0%,50.5
formbricks connector,0,2,0%,51.5
best productivity tracker,0,2,0%,52.5
power automate microsoft,0,2,0%,54
miro ai,0,2,0%,54.5
powe automate,0,2,0%,54.5
insightly alternatives,0,2,0%,55
dragonfly platform,0,2,0%,55.5
homebase alternatives,0,2,0%,56
tray.io competitor,0,2,0%,56
all in one seo platform,0,2,0%,56.5
alternative to klipfolio,0,2,0%,56.5
sitebulb alternative,0,2,0%,56.5
appsmith review,0,2,0%,57
insightly alternative,0,2,0%,57
logseq alternatives,0,2,0%,57
alternatives to worldpay,0,2,0%,57.5
cpa marketing platform,0,2,0%,58
capsule crm alternatives,0,2,0%,58.5
logseq alternative,0,2,0%,59
moz ranking,0,2,0%,59
rectangle windows,0,2,0%,59
slack software,0,2,0%,59.5
hetzner cloud alternative,0,2,0%,60
obs studio price,0,2,0%,60
medusa js,0,2,0%,60.5
agorapulse alternatives,0,2,0%,61
playwright vendor,0,2,0%,61
maximizer review,0,2,0%,62
ping identity corp,0,2,0%,62
semgrep pro pricing,0,2,0%,62
toptal for freelancers,0,2,0%,62
aws guardduty,0,2,0%,62.5
kong vs tyk,0,2,0%,62.5
userlike alternative,0,2,0%,62.5
fibery discount code,0,2,0%,63
pandadoc dropbox integration,0,2,0%,63
search atlas alternatives,0,2,0%,63
beyondtrust alternatives,0,2,0%,64
feedhive alternative,0,2,0%,64
seo spider software,0,2,0%,64
trivy,0,2,0%,64
defect dojo,0,2,0%,65
hevo data alternatives,0,2,0%,65
melio alternatives,0,2,0%,65
alternative to hootsuite,0,2,0%,65.5
api gateway software,0,2,0%,65.5
best web platform,0,2,0%,65.5
invoicing and billing software,0,2,0%,65.5
appsmith alternatives,0,2,0%,66
atlassian kanban,0,2,0%,66
ramp virtual cared alternatives,0,2,0%,67
rella alternatives,0,2,0%,67
obsidian canvas alternative,0,2,0%,67.5
sisense alternatives,0,2,0%,67.5
brand24 alternatives,0,2,0%,68
hashicorp vault alternatives,0,2,0%,68
databox alternative,0,2,0%,68.5
elicit cost,0,2,0%,68.5
linkerd,0,2,0%,69
upwork similar,0,2,0%,69
appium license,0,2,0%,69.5
teamwork vs basecamp,0,2,0%,69.5
invoice payment software,0,2,0%,70
lovable vs replit analysis,0,2,0%,70
searchatlas alternative,0,2,0%,70
viddyoze alternatives,0,2,0%,70
best sendible alternatives,0,2,0%,70.5
happy scribe free tier,0,2,0%,70.5
is google appsheet free,0,2,0%,71
baserow reviews,0,2,0%,71.5
obs studio,0,2,0%,71.5
bro ids,0,2,0%,72
app sheet,0,2,0%,72.5
redmine vs jira,0,2,0%,72.5
freelance platform,0,2,0%,73
indexmenow alternative,0,2,0%,73
smartsheet competitors,0,2,0%,73
supplier invoice software,0,2,0%,73
what are the most popular platforms for api development?,0,2,0%,73
apigee,0,2,0%,73.5
appsheets,0,2,0%,73.5
microsoft power bi vs looker studio,0,2,0%,73.5
plann alternative,0,2,0%,73.5
streak alternatives,0,2,0%,74
aws guardduty s3 malware protection pricing,0,2,0%,74.5
aws vs gcp,0,2,0%,74.5
invoice payment platform,0,2,0%,74.5
teamwork vs asana,0,2,0%,74.5
alternative upwork,0,2,0%,75
email marketing automation software,0,2,0%,75
what is the best free alternative to runway?,0,2,0%,75.5
best email campaign service,0,2,0%,76
ramp alternatives,0,2,0%,76
gravity forms,0,2,0%,76.5
alternative toggl,0,2,0%,77
professional invoice software,0,2,0%,77
hellosign alternative,0,2,0%,78
help scout alternatives,0,2,0%,78.5
keyword ranking platform,0,2,0%,78.5
cyberark replacement,0,2,0%,79
is flick free,0,2,0%,79
clipchamp alternative free,0,2,0%,79.5
flux dashboard,0,2,0%,80
less annoying crm alternatives,0,2,0%,80
thoughtspot competitor,0,2,0%,80
veed alternative,0,2,0%,80
gcp vs aws,0,2,0%,80.5
is looker studio free?,0,2,0%,80.5
open source looker alternatives,0,2,0%,80.5
best website design program,0,2,0%,81
cyberark alternatives,0,2,0%,81.5
se ranking competitors,0,2,0%,81.5
competitors of hootsuite,0,2,0%,82
workato alternative,0,2,0%,82.5
freelance marketplaces,0,2,0%,83
kube-bench,0,2,0%,83
open source opusclip alternative,0,2,0%,83
google looker studio,0,2,0%,84
better than serpstat,0,2,0%,84.5
se ranking tool,0,2,0%,84.5
freelancers platform,0,2,0%,85
guard duty,0,2,0%,85
squarespace alternatives,0,2,0%,85
basecamp teamwork,0,2,0%,85.5
answer the public alternative,0,2,0%,86
clickup alternative,0,2,0%,86
clickup alternatives,0,2,0%,86.5
invoice program,0,2,0%,86.5
serpfox alternative,0,2,0%,86.5
email automation platforms,0,2,0%,87
global hr platform,0,2,0%,87
alternative basecamp,0,2,0%,88.5
loomly alternative,0,2,0%,88.5
alternativas a databox,0,2,0%,89
like spyfu,0,2,0%,89
what is the best ai isometric art generator?,0,2,0%,89
basecamp competitors,0,2,0%,89.5
best social media scheduler,0,2,0%,89.5
software for invoicing and quoting,0,2,0%,90
seo software ratings,0,2,0%,90.5
gong alternatives,0,2,0%,91
gravity forms pricing,0,2,0%,92.5
api management platforms,0,2,0%,94
invoice management platform,0,2,0%,94
snagit vs,0,2,0%,94
google analytics 4 alternative,0,2,0%,95
best serp tool,0,2,0%,97
first pass review,0,2,0%,99
what is amazon guardduty,0,2,0%,99.5
clickbank vs impact,0,1,0%,1
float alternatives,0,1,0%,1
portable alternatives,0,1,0%,1
yubico competitors,0,1,0%,2
kyverno alternatives,0,1,0%,3
testkube alternatives,0,1,0%,4
alternatives to klarna,0,1,0%,5
shadowsocks alternative,0,1,0%,5
flair pricing,0,1,0%,6
k3s alternatives,0,1,0%,6
leantime vs vikunja,0,1,0%,6
magic brief,0,1,0%,6
magic briefs,0,1,0%,6
subfinder usage -d -o options,0,1,0%,6
voicemod open source alternative,0,1,0%,6
audiobookshelf alternatives,0,1,0%,7
hashicorp packer alternatives,0,1,0%,7
is allure report free,0,1,0%,7
pivpn alternative,0,1,0%,7
play svix,0,1,0%,7
proxyman vs postman,0,1,0%,7
snyk official website,0,1,0%,7
youtrack vs linear,0,1,0%,7
apache guacamole review,0,1,0%,8
crossplane alternatives,0,1,0%,8
open metadata pricing,0,1,0%,8
software rvc,0,1,0%,8
turbopuffer vs elasticsearch,0,1,0%,8
formspree official,0,1,0%,9
homarr alternative,0,1,0%,9
terragrunt alternatives,0,1,0%,9
cyberduck alternatives,0,1,0%,10
defectdojo pricing,0,1,0%,10
helm alternative,0,1,0%,10
is gather free,0,1,0%,10
kobo toolbox pricing,0,1,0%,10
lucidspark ai,0,1,0%,10
photoprism price,0,1,0%,10
what is formspree,0,1,0%,10
is playwright free,0,1,0%,11
playwright vs k6,0,1,0%,11
what is orbstack,0,1,0%,11
what is kamal,0,1,0%,12
power automate features,0,1,0%,13
"intitle:""vultr"" ""subscription"" ""unlock""",0,1,0%,14
tackly,0,1,0%,16
softether,0,1,0%,18
fiverr,0,1,0%,19
instapaper,0,1,0%,19
upwork freelancer,0,1,0%,19
getlago connector,0,1,0%,20
grafana k6,0,1,0%,20
semperis alternatives,0,1,0%,21
vimneo,0,1,0%,22
yubicloud pricing,0,1,0%,23
mailster.co,0,1,0%,24
nuwtonic,0,1,0%,24
aws hub,0,1,0%,25
cypress,0,1,0%,25
googlecloud,0,1,0%,25
vmeo,0,1,0%,25
automate microsoft,0,1,0%,26
chat rvc,0,1,0%,26
dochub competitors,0,1,0%,26
elastisearch,0,1,0%,26
helpjuice,0,1,0%,26
kamal deploy,0,1,0%,26
vineo,0,1,0%,26
what is pipedrive's leadbooster add-on?,0,1,0%,26
pitchground review,0,1,0%,27
readwise affiliate program,0,1,0%,27
cyberhaven alternatives,0,1,0%,28
google cloid,0,1,0%,28
pytest.org,0,1,0%,28
tricount,0,1,0%,28
zammad,0,1,0%,28
clarizen adaptive work,0,1,0%,29
gravityforms,0,1,0%,29
what is crowdstrike falcon,0,1,0%,29
billomat alternative,0,1,0%,30
google forms alternatives,0,1,0%,30
pingone dock,0,1,0%,30
foxitesign,0,1,0%,31
homebae,0,1,0%,31
apache guacamole,0,1,0%,32
cursor ia,0,1,0%,32
fiver,0,1,0%,32
foxit esign,0,1,0%,32
homebade,0,1,0%,32
clarizen planview,0,1,0%,33
mailtrap,0,1,0%,33
google cloud software,0,1,0%,34
jira platform,0,1,0%,34
biteable app,0,1,0%,35
hombase,0,1,0%,35
tryinteract review,0,1,0%,35
twilio authy,0,1,0%,35
float alternative,0,1,0%,36
gcp cloud,0,1,0%,36
latticehq,0,1,0%,36
microsoft power automate app,0,1,0%,36
alternative à bazzarvoice,0,1,0%,37
alternatives to yellowfin,0,1,0%,37
build apps sap,0,1,0%,37
crowdstrike falcon,0,1,0%,37
nimble alternative,0,1,0%,37
pitchbox,0,1,0%,37
corsor ai,0,1,0%,38
ms office power automate,0,1,0%,38
onepagecrm,0,1,0%,38
security onion,0,1,0%,38
best email marketing,0,1,0%,39
engagebay alternatives,0,1,0%,39
homebase,0,1,0%,39
hubspot crm usa,0,1,0%,39
oneflow alternatives,0,1,0%,39
velero alternatives,0,1,0%,39
what is appium,0,1,0%,39
aws security pricing,0,1,0%,40
snyk report,0,1,0%,40
top website creation platforms,0,1,0%,40
app kits,0,1,0%,41
blocksurvey coupon,0,1,0%,41
curser ai,0,1,0%,41
cursor_ai,0,1,0%,41
homebaase,0,1,0%,41
homebsae,0,1,0%,41
recruitee software,0,1,0%,41
zero tier one,0,1,0%,41
zoho recruit,0,1,0%,41
123form builder alternative,0,1,0%,42
blocksurvey reviews,0,1,0%,42
fluent forms,0,1,0%,42
homebasee,0,1,0%,42
homebaser,0,1,0%,42
powerautomated,0,1,0%,42
rossum pricing,0,1,0%,42
teamwork jira integration,0,1,0%,42
craftmypdf,0,1,0%,43
curosor,0,1,0%,43
dashy,0,1,0%,43
homwbase,0,1,0%,43
hvad er vimeo,0,1,0%,43
power automate ms,0,1,0%,43
airgram software,0,1,0%,44
corser ai,0,1,0%,44
foxit,0,1,0%,44
homebaswe,0,1,0%,44
power autom,0,1,0%,44
power automate application,0,1,0%,44
power automate from microsoft,0,1,0%,44
qualys,0,1,0%,44
strapi,0,1,0%,44
teamwork kanban,0,1,0%,44
toptal freelancer,0,1,0%,44
apache superset,0,1,0%,45
komga,0,1,0%,45
lemon squeezy,0,1,0%,45
maxbounty,0,1,0%,45
microsoft powermate,0,1,0%,45
olark competitors,0,1,0%,45
power to automate,0,1,0%,45
powerautomates,0,1,0%,45
shlink,0,1,0%,45
sisense,0,1,0%,45
spinnaker support alternatives,0,1,0%,45
zerotier steam deck,0,1,0%,45
audiobookshelf plugins,0,1,0%,46
best invoicing,0,1,0%,46
deepcrawl competitors,0,1,0%,46
gateway kong,0,1,0%,46
microsoft power mate,0,1,0%,46
ms power automation,0,1,0%,46
power auomate,0,1,0%,46
power autiomate,0,1,0%,46
power autoamte,0,1,0%,46
power automage,0,1,0%,46
power automater,0,1,0%,46
power automator,0,1,0%,46
power automatte,0,1,0%,46
power automete,0,1,0%,46
power autoomate,0,1,0%,46
powerauomate,0,1,0%,46
powerautoamte,0,1,0%,46
powermate microsoft,0,1,0%,46
poweroutomate,0,1,0%,46
powersutomate,0,1,0%,46
sitebulb,0,1,0%,46
homebase software,0,1,0%,47
msft power automate,0,1,0%,47
obs studios,0,1,0%,47
power automake,0,1,0%,47
power automante,0,1,0%,47
powerautomare,0,1,0%,47
softether vpn,0,1,0%,47
spiceworks competitors,0,1,0%,47
wavtool,0,1,0%,47
[stactize nebula],0,1,0%,48
billing zoho,0,1,0%,48
checkout com competitors,0,1,0%,48
domo alternates,0,1,0%,48
drawloop pricing,0,1,0%,48
lago pricing,0,1,0%,48
power autaomte,0,1,0%,48
power autoate,0,1,0%,48
powerauromate,0,1,0%,48
powerautomaate,0,1,0%,48
qualtrics xm+,0,1,0%,48
seoclarity review,0,1,0%,48
tryinteract pricing,0,1,0%,48
zoho billing,0,1,0%,48
2checkout alternatives,0,1,0%,49
appgyver pricing,0,1,0%,49
best devops,0,1,0%,49
best freelance services,0,1,0%,49
best tools for getting paid directly from invoices,0,1,0%,49
carrd vs wix,0,1,0%,49
dochub alternative,0,1,0%,49
gnucash alternatives,0,1,0%,49
microsoft automation,0,1,0%,49
power automaate,0,1,0%,49
power utomate,0,1,0%,49
powerauto,0,1,0%,49
powerautom,0,1,0%,49
qualys cloud platform,0,1,0%,49
rb2b competitors,0,1,0%,49
semperis competitors,0,1,0%,49
trivy app,0,1,0%,49
worldpay competitors,0,1,0%,49
albacross alternative,0,1,0%,50
appsumo alternatives,0,1,0%,50
best team chat software,0,1,0%,50
cusor ai,0,1,0%,50
estuary alternatives,0,1,0%,50
freelance platforms,0,1,0%,50
power autamate,0,1,0%,50
power autoimate,0,1,0%,50
power automa,0,1,0%,50
powerautomate microsoft,0,1,0%,50
redmine alternative,0,1,0%,50
top payment processing for invoicing,0,1,0%,50
zoho billing software,0,1,0%,50
alternative magnific ai,0,1,0%,51
alternatives to stonly,0,1,0%,51
cerotier,0,1,0%,51
extensao tactiq,0,1,0%,51
foxit pdf reader/editor,0,1,0%,51
open source alternatives to raycast,0,1,0%,51
prefect alternatives,0,1,0%,51
scanning frog,0,1,0%,51
stax payments competitors,0,1,0%,51
tailscale.com pricing,0,1,0%,51
zoho books free alternative,0,1,0%,51
aioseo,0,1,0%,52
amp alternative,0,1,0%,52
aws vs google,0,1,0%,52
kanban atlassian,0,1,0%,52
ontraport alternative,0,1,0%,52
tailscale pricing,0,1,0%,52
timescaledb,0,1,0%,52
tray.io competitors,0,1,0%,52
twingate,0,1,0%,52
typesense,0,1,0%,52
best qa,0,1,0%,53
cursor,0,1,0%,53
dagster pricing,0,1,0%,53
dochub alternatives,0,1,0%,53
docmost vs obsidian,0,1,0%,53
documenso plans,0,1,0%,53
foleon vs joomag,0,1,0%,53
guardduty malware protection pricing,0,1,0%,53
hostinger vs wix,0,1,0%,53
plane management,0,1,0%,53
tipalti alternative,0,1,0%,53
carrd vs wordpress,0,1,0%,54
davinci resolve 2024,0,1,0%,54
foxit pdf edition,0,1,0%,54
grafana,0,1,0%,54
is smallpdf free,0,1,0%,54
snyk pricing,0,1,0%,54
spline software,0,1,0%,54
teamwork projects kanban,0,1,0%,54
zerotier subscription,0,1,0%,54
alternatives to ovh,0,1,0%,55
best work management platforms,0,1,0%,55
cratedb,0,1,0%,55
cyberghost substitute,0,1,0%,55
foxit editor,0,1,0%,55
freelancer services,0,1,0%,55
keeper password manager vs 1password,0,1,0%,55
magnific ai alternative,0,1,0%,55
microsoft power automate | home,0,1,0%,55
moz seo ranking,0,1,0%,55
orbstack pricing,0,1,0%,55
organizr alternative,0,1,0%,55
superset plugin,0,1,0%,55
vikunja,0,1,0%,55
wildshark seo spider tool,0,1,0%,55
wireguard,0,1,0%,55
blocksurvey discount code,0,1,0%,56
cisco duo features,0,1,0%,56
estuary competitors,0,1,0%,56
googe appsheet,0,1,0%,56
impact vs partnerstack,0,1,0%,56
invoice ninja review,0,1,0%,56
roboform competitors,0,1,0%,56
selenium software,0,1,0%,56
survey gizmo,0,1,0%,56
teamwork jira,0,1,0%,56
all in seo,0,1,0%,57
amazon aws free alternative,0,1,0%,57
amazon guardduty dashboard,0,1,0%,57
appium software,0,1,0%,57
best software testing websites,0,1,0%,57
blocksurvey promo code,0,1,0%,57
defectdojo owasp,0,1,0%,57
google cloud platform gcp,0,1,0%,57
partnerstack vs impact,0,1,0%,57
security onion ai,0,1,0%,57
snyk cost,0,1,0%,57
tailnet pricing,0,1,0%,57
teleport alternatives open source,0,1,0%,57
trend micro cloud one pricing,0,1,0%,57
warp terminal,0,1,0%,57
whop vs payhip,0,1,0%,57
yubico tools,0,1,0%,57
all in one seo analytics,0,1,0%,58
all-in-one seo tool,0,1,0%,58
alternativas a mailgun,0,1,0%,58
answerthepublic,0,1,0%,58
atomicred,0,1,0%,58
best partnerstack alternatives,0,1,0%,58
best sales funnel websites,0,1,0%,58
bruno license,0,1,0%,58
circleback vs granola,0,1,0%,58
circleci alternative,0,1,0%,58
civicrm alternatives,0,1,0%,58
commercetools alternatives,0,1,0%,58
cyberghost replacement,0,1,0%,58
garnet microsoft,0,1,0%,58
jan software,0,1,0%,58
klipfolio alternates,0,1,0%,58
ms power automate,0,1,0%,58
obs sti,0,1,0%,58
pdf24 alternative,0,1,0%,58
plann,0,1,0%,58
playwright.,0,1,0%,58
ramp,0,1,0%,58
skills.sh alternative,0,1,0%,58
yubikey software,0,1,0%,58
zero teir,0,1,0%,58
alternatives to dataforseo,0,1,0%,59
best ramp alternatives,0,1,0%,59
flair ia,0,1,0%,59
foxit pdf editor plugins,0,1,0%,59
istio,0,1,0%,59
mitre caldera,0,1,0%,59
ranking seo moz,0,1,0%,59
warp prices,0,1,0%,59
zero tier,0,1,0%,59
alfred windows,0,1,0%,60
all in on seo alternative,0,1,0%,60
best support software,0,1,0%,60
bill.com alternative,0,1,0%,60
bubble coding,0,1,0%,60
deepgram competitors,0,1,0%,60
forest apl,0,1,0%,60
foxiteditor,0,1,0%,60
is payload cms good,0,1,0%,60
minea alternatives,0,1,0%,60
ramp alternative for freelancers,0,1,0%,60
amazon guardduty cost,0,1,0%,61
app sheet google,0,1,0%,61
autopod download,0,1,0%,61
aws guardduty cost,0,1,0%,61
best obsidian alternatives,0,1,0%,61
best software for creating invoices,0,1,0%,61
davinci resolve,0,1,0%,61
freelancers platforms,0,1,0%,61
getresponse alternatives,0,1,0%,61
google appshee,0,1,0%,61
gressnet,0,1,0%,61
is orbstack free,0,1,0%,61
list of freelancing platforms,0,1,0%,61
nitro pdf signature,0,1,0%,61
obs,0,1,0%,61
podcastle alternative,0,1,0%,61
screaming frog portable,0,1,0%,61
simpler connecteam alternative,0,1,0%,61
alternatives to gitlab ci,0,1,0%,62
appium ide,0,1,0%,62
atomic red,0,1,0%,62
aws guardduty vs shield,0,1,0%,62
best ramp alternative,0,1,0%,62
cursor byom,0,1,0%,62
docusign vs hellosign pricing,0,1,0%,62
freelancer.com alternative,0,1,0%,62
getresponse competitors,0,1,0%,62
is trivy free,0,1,0%,62
issuu vs publitas,0,1,0%,62
lovable vs replit pricing,0,1,0%,62
ninjaoutreach,0,1,0%,62
payload cms,0,1,0%,62
photoprism,0,1,0%,62
platforms that integrate invoicing and payments,0,1,0%,62
powertomate,0,1,0%,62
qualys vs tenable,0,1,0%,62
screaming frog seo spider tool,0,1,0%,62
vidyard alternatives,0,1,0%,62
voicemod alternative,0,1,0%,62
what is plooto.inc,0,1,0%,62
accounting software with billing,0,1,0%,63
alternative to hetzner,0,1,0%,63
alternatives to freelancer com,0,1,0%,63
app sheets,0,1,0%,63
appium 3 features,0,1,0%,63
campaign monitor alternative,0,1,0%,63
fluxcd,0,1,0%,63
goole appsheet,0,1,0%,63
hetzner alternative,0,1,0%,63
hire formik programmer,0,1,0%,63
kong gateway,0,1,0%,63
moz vs se ranking tool,0,1,0%,63
online billing software,0,1,0%,63
posthog,0,1,0%,63
posthog free alternative,0,1,0%,63
ramp alternative for accountants,0,1,0%,63
software for invoicing,0,1,0%,63
sprout social vs,0,1,0%,63
superset apache,0,1,0%,63
what is pactflow,0,1,0%,63
whats zero tier,0,1,0%,63
zero rier,0,1,0%,63
alternatives to roam research,0,1,0%,64
campaign monitor alternatives,0,1,0%,64
compare checkout.com,0,1,0%,64
contentstudio alternative,0,1,0%,64
databox alternatives,0,1,0%,64
flick program,0,1,0%,64
google appsheets,0,1,0%,64
higgsfield magnific,0,1,0%,64
invoicing platforms,0,1,0%,64
is redash free,0,1,0%,64
jumpcloud competitors,0,1,0%,64
openvas enterprise price,0,1,0%,64
pandadoc vs hellosign,0,1,0%,64
roam alternative,0,1,0%,64
upwork like websites,0,1,0%,64
wazuh partner,0,1,0%,64
awnserthepublic,0,1,0%,65
close alternatives,0,1,0%,65
flick yc,0,1,0%,65
google platform cloud,0,1,0%,65
gravitee vs tyk,0,1,0%,65
hellosign vs digisigner,0,1,0%,65
klap ai free alternative,0,1,0%,65
lalal.ai free alternative,0,1,0%,65
leadsquared alternatives,0,1,0%,65
ninja form alternatives,0,1,0%,65
obs free or paid,0,1,0%,65
pandadoc vs adobe sign for pdf contracts,0,1,0%,65
ramp competitors,0,1,0%,65
todoist opensource alternative,0,1,0%,65
warp referral,0,1,0%,65
ai meeting recording software,0,1,0%,66
ai meeting transcription software,0,1,0%,66
alternative to databox,0,1,0%,66
alternatives to databox,0,1,0%,66
app gladia,0,1,0%,66
authy review,0,1,0%,66
authy reviews,0,1,0%,66
best billing systems,0,1,0%,66
best cursor ai alternative,0,1,0%,66
cyberghost alternatives,0,1,0%,66
eversign alternative,0,1,0%,66
fox it editor,0,1,0%,66
invoice and billing software,0,1,0%,66
invoicing and accounting software,0,1,0%,66
is formspree good,0,1,0%,66
microsoft power automation,0,1,0%,66
proton vpn replacement,0,1,0%,66
readwise reader review,0,1,0%,66
score app alternative,0,1,0%,66
userlike alternatives,0,1,0%,66
warp.,0,1,0%,66
websites like speechify,0,1,0%,66
what are the best lifetime deals for saas tools right now?,0,1,0%,66
what is the best music ai,0,1,0%,66
alternatives to qlik,0,1,0%,67
appium alternative,0,1,0%,67
best invoice system,0,1,0%,67
best project management platforms,0,1,0%,67
data for seo alternative,0,1,0%,67
invoicing software programs,0,1,0%,67
mailgun-alternativen,0,1,0%,67
ramp alternative for bookkeepers,0,1,0%,67
software for invoices for business,0,1,0%,67
splitwise alternative,0,1,0%,67
alternatif sage intacct,0,1,0%,68
alternative to obsidian,0,1,0%,68
alternatives to hevo data,0,1,0%,68
atomicredteam,0,1,0%,68
best ai meeting software,0,1,0%,68
best management software,0,1,0%,68
bill making software,0,1,0%,68
cheap sprinklr alternatives,0,1,0%,68
connecteam alternative,0,1,0%,68
cyberghost competitor,0,1,0%,68
fox editor pdf,0,1,0%,68
freshbooks payment gateway,0,1,0%,68
limitless ai alternative,0,1,0%,68
nimble alternatives,0,1,0%,68
openproject review,0,1,0%,68
ovhcloud alternative,0,1,0%,68
perfect feedhive alternative,0,1,0%,68
perfect feedhive alternatives,0,1,0%,68
readme alternatives,0,1,0%,68
screaming frog seo spider,0,1,0%,68
searchatlas alternatives,0,1,0%,68
serpstat alternatives,0,1,0%,68
vaultwarden,0,1,0%,68
yubikey tools,0,1,0%,68
answerthepublic free,0,1,0%,69
app like fiverr,0,1,0%,69
best work management software,0,1,0%,69
checkout alternatives,0,1,0%,69
cms website builder,0,1,0%,69
craft alternatives,0,1,0%,69
fibery coupon,0,1,0%,69
ganttpro alternative,0,1,0%,69
hostinger wix,0,1,0%,69
invoicing solutions,0,1,0%,69
ramp competitor,0,1,0%,69
screaming frog seo tool,0,1,0%,69
seo moz moz rank,0,1,0%,69
similar to planoly,0,1,0%,69
smartsheet vs notion,0,1,0%,69
suitedash alternatives,0,1,0%,69
what is ilovepdf.com,0,1,0%,69
ai kit,0,1,0%,70
best ai singing app,0,1,0%,70
business invoicing programs,0,1,0%,70
docksign,0,1,0%,70
email automation programs,0,1,0%,70
free alternative to obsidian,0,1,0%,70
jira vs plane,0,1,0%,70
kajabi alternatives,0,1,0%,70
obsidian alternatives,0,1,0%,70
what is appsheet?,0,1,0%,70
zoho recruit pricing,0,1,0%,70
actual software,0,1,0%,71
alternatives to kling,0,1,0%,71
apps like 11 labs,0,1,0%,71
best cpa network,0,1,0%,71
best work management platform,0,1,0%,71
chorus ai pricing,0,1,0%,71
coda alternatives,0,1,0%,71
convex',0,1,0%,71
hashicorp vault alternative,0,1,0%,71
hubspot pipedrive,0,1,0%,71
is linear like notion,0,1,0%,71
replicate alternative,0,1,0%,71
rippling gusto,0,1,0%,71
survey gizmo engagement survey,0,1,0%,71
vercel with supabase,0,1,0%,71
www.signaturely.app,0,1,0%,71
zerotier quantum,0,1,0%,71
alternative to ovh,0,1,0%,72
alternatives à mailgun,0,1,0%,72
best billing software,0,1,0%,72
best transcription software for meetings,0,1,0%,72
best website maker,0,1,0%,72
cheaper alternatives to qlik,0,1,0%,72
conga composer competitors,0,1,0%,72
crowdstrike falcon cost,0,1,0%,72
deputy alternatives,0,1,0%,72
dropbox sign alternative,0,1,0%,72
fern editor,0,1,0%,72
freelance services marketplace,0,1,0%,72
getresponse,0,1,0%,72
guard duty aws,0,1,0%,72
hellosign vs pandadoc,0,1,0%,72
invoices software,0,1,0%,72
invoicing and payment processing,0,1,0%,72